language_code,id,name,meaning,popularity_rank
en,40e87ed0-7099-594f-8eb1-3022d957106c,Beatriz,She who brings happiness; blessed,1
en,3c1181e3-95a4-56a8-a00b-6e63436ebe72,Beatriz,She who brings happiness; blessed,1
en,6a27e1b1-a40d-59f0-90f6-044a8350b0b3,Emilia,Industrious; eager; rival,1
en,0255770a-a91d-5247-99f4-8ca6445cbd5b,Emma,Whole; universal; all-embracing,1
en,4f668d55-71bd-5b56-b1a0-63427f44fb2f,Gabriel,God is my strength,1
en,8d03ae84-36af-5e2c-984b-4b7d98c23478,Gabriel,God is my strength,1
en,67ce0f17-b2c4-5651-9b8c-7e5b6af6874e,Gabriel,God is my strength,1
en,58902488-248c-5604-9c5b-0683bbb3355b,Hugo,Mind; intellect; spirit,1
en,c45089c8-8efb-5864-86d5-547c97693c91,Jade,Precious green stone; side stone,1
en,3e79bf6d-322a-5564-91bd-768c247134d5,Jade,Precious green stone; side stone,1
en,f4e1c8bf-516e-5c64-be7a-b44546be9f8b,Jade,Precious green stone; side stone,1
en,6c233a87-a5cd-5ffb-bf25-e759871a3b4c,Léo,Lion; brave,1
en,412eff94-ccb9-5849-aa6f-526fbe17b777,Leonardo,Brave lion; strong as a lion,1
en,520b0c62-e020-5ed6-a014-1f769b9f7bcc,Louise,Famous warrior; renowned fighter,1
en,223d6a31-5ca2-586c-8740-e68cc5282db3,Lucia,Light; graceful light,1
en,6d2ca559-5803-5b16-b696-85e8fec81920,Noah,Rest; comfort,1
en,bf655c91-d6d3-57b7-b209-95a0941f8025,Noah,Rest; comfort,1
en,ca4a7cae-8258-5e61-83a9-d66525209c98,Pedro,Rock; stone,1
en,303ddbfd-b99d-5ccd-9c1e-59f403278876,Pedro,Rock; stone,1
en,c3983e78-4096-5abd-88f1-badf79afc7d6,Sofia,Wisdom; wise one,1
en,e0da5ca9-3fe8-5711-9c10-140ae4e7491c,Ambre,Amber; precious jewel,2
en,aeff0c07-96d6-5c49-9ee0-77be418f935b,Aurora,Dawn; goddess of the morning,2
en,bb204081-6110-5349-a460-96d359020685,Edoardo,Wealthy guardian; rich protector,2
en,c4600cee-debc-5025-a76a-17996cfdf986,Gabriel,God is my strength,2
en,1da22299-e363-58ce-8207-7597a8d532fd,Joana,God is gracious,2
en,95f10a6c-a17d-5620-b507-13f953b29040,Joana,God is gracious,2
en,ceaf9a3c-f877-5772-b7c2-dd6ebcd5c705,Léo,Lion; brave,2
en,b5c0a0c8-d206-50c6-81ac-ecc6d7b7e151,Léo,Lion; brave,2
en,f936d44a-f33f-545f-a5a3-98ad9295f3c8,Louise,Famous warrior; renowned fighter,2
en,03c2f638-0f4f-5f40-af4b-7f8ae2818e6f,Louise,Famous warrior; renowned fighter,2
en,64fdb86a-892c-53d7-b968-6d648380fc41,Louise,Famous warrior; renowned fighter,2
en,8b7ecf2b-ee84-5a34-8126-fc30d67222b8,Luca,Bringer of light; from Lucania,2
en,8ffb6a10-6353-5f14-8a7d-73955d902339,Mateo,Gift of God,2
en,65cdc9bd-cd0d-5bfc-afcb-611c73d22602,Matteo,Gift of God,2
en,7fd5c56d-4df3-5fdc-a057-1de546879932,Olivia,Olive tree; peace; symbol of peace,2
en,8ac168d2-8685-5b23-b418-2d2b02c877d2,RAPHAËL,God has healed; divine healer,2
en,c9dd1760-cc49-5be2-af2f-aabd31603127,Sofia,Wisdom; wise one,2
en,1b1cbee8-fef4-5887-8886-f8e6ecf003b5,Sophia,Wisdom; wise one,2
en,2d92e05b-e5ce-5c82-92bb-8fefd1373833,Thiago,Supplanter; may God protect,2
en,9b48a04d-2328-5359-992d-01c1ba5344f6,Thiago,Supplanter; may God protect,2
en,25238664-9473-5be5-a58f-339818e99d84,Alba,Dawn; white,3
en,37acae37-82f3-53b9-ad4c-b54ed4c1ce98,Ambre,Amber; precious jewel,3
en,399b8322-6882-537d-a66e-9554780f81d3,Elias,The Lord is my God,3
en,a2946a1c-5d31-5ce4-9b42-c77fd0784933,Emma,Whole; universal; all-embracing,3
en,6613257a-d3a0-52f8-bae2-02c860eda3a1,Emma,Whole; universal; all-embracing,3
en,2b0d1546-1c25-5194-a33c-af9aa10b2c64,Emma,Whole; universal; all-embracing,3
en,381b65f1-6361-5555-b2a4-e0f9bbc78414,Ginevra,White wave; fair one,3
en,aae38713-c599-53d9-887b-d156c585fb20,Ines,Pure; holy; chaste,3
en,cf612c2b-0936-5143-8515-d4fbbae4c4d8,Ines,Pure; holy; chaste,3
en,00db62c2-6abd-5d7b-bac0-ce12a9d4eb5f,Léo,Lion; brave,3
en,31a001b5-6469-52c0-9dd6-314f5ece99f5,Lucas,Bringer of light; luminous,3
en,980872a6-0421-58d4-880c-ca7a5f66f228,Martin,Warlike; of Mars; warrior,3
en,5d868fbc-bee5-5207-b9ce-a1230a907165,Martina,Warlike; of Mars; warrior,3
en,46abe73d-b48a-513e-8a8a-8f8ce33e90ad,Nora,Honor; light; compassion,3
en,dd95c861-cc58-5391-a640-942b0f6dcae1,RAPHAËL,God has healed; divine healer,3
en,407cc2ce-ecd0-5a76-be9f-7d109077803a,RAPHAËL,God has healed; divine healer,3
en,1dc86a7c-891a-53d6-8364-81865cb6a581,RAPHAËL,God has healed; divine healer,3
en,76b26646-073a-5661-84da-364d616b05be,Tommaso,Twin,3
en,85a091fc-68a5-549f-bbd3-9134fca88c74,Alba,Dawn; white,4
en,af12c6ac-ee4d-57de-af6b-8756e9219e53,Alice,Noble; of noble birth,4
en,cd63490b-24cd-51c2-9526-6740b3dbdcd8,Ambre,Amber; precious jewel,4
en,87835cf5-80c7-5e73-a45b-58918d543b36,Arthur,Noble; bear-man; stone,4
en,7b63bacd-5763-5bdd-85d2-5b19c4696f4a,Bruno,Brown; armor; shield,4
en,0757330a-37c2-5076-bbca-ea44baa85d69,Bruno,Brown; armor; shield,4
en,a455e9a3-7b95-5c62-bbce-2d7074beadf2,Hannah,Grace; favor,4
en,c767ddcd-f3c6-56ff-b119-a0ce823ea75c,Jade,Precious green stone; side stone,4
en,e682f671-7275-55f3-9566-f35d1e83a75f,Julia,Youthful; downy; soft-haired,4
en,5f15d10e-4729-528f-9118-803170c3247c,Leo,Lion; brave,4
en,81aff8b8-dc35-58a8-9c50-e445b00d6161,Leon,Lion; brave,4
en,d656a42b-5229-524c-9042-f76ff94810a4,Leonor,Shining light; bright; compassion,4
en,f0091c2e-e416-532d-a819-d17cf4def473,Leonor,Shining light; bright; compassion,4
en,d52c3b57-f608-5b9b-a491-0a6b4481bf47,Liam,Strong-willed warrior; protector,4
en,d0060a55-3561-54c6-969b-89bdf1f9ba3f,Louis,Famous warrior; renowned fighter,4
en,ca22ad17-22ae-5c63-af6e-f67a14c1a2aa,Louis,Famous warrior; renowned fighter,4
en,70ffb337-f811-5c1e-9dcf-77db20ab680f,MAËL,Chief; prince; generous lord,4
en,8fe7f315-7de3-53d5-bf1f-45b1365d1f7d,Maria,Beloved; wished-for child; sea of bitterness,4
en,229e9d87-a566-57f6-98d6-47cfd9e40fbe,Mattia,Gift of God,4
en,7b5c2849-b2a3-5151-9576-4b6c96934bdb,Vittoria,Victory; conqueror,4
en,0510da48-52f2-5757-847e-8dabc173fcba,Alessandro,Defender of mankind,5
en,79190124-7713-5c97-b49e-f4fd6d9c9e1d,Alice,Noble; of noble birth,5
en,165c244f-e31d-5e4a-a7ff-eef67367e803,Ambre,Amber; precious jewel,5
en,48f805c2-4480-55db-bdf7-ac046ebb06b4,Arthur,Noble; bear-man; stone,5
en,321bfb53-46df-50db-af45-0ee0eb992dc6,Bernardo,Strong as a bear; brave bear,5
en,255505a2-ad7a-5b68-a116-b1718ec61d28,Bernardo,Strong as a bear; brave bear,5
en,68577f20-f528-5efb-9e16-f67b67c3fb01,Emma,Whole; universal; all-embracing,5
en,affffe95-daca-5602-9c2a-741a41328eac,Emma,Whole; universal; all-embracing,5
en,a8e5a95e-2286-5beb-b116-d003f568ce40,Giulia,Youthful; downy,5
en,6b373773-5119-5734-8f0f-a13fd73339b0,Julia,Youthful; downy; soft-haired,5
en,22fff2dd-14cd-594a-a465-e7f4a69cb77e,Louis,Famous warrior; renowned fighter,5
en,1435986d-4144-566a-aa07-193e896c94fb,Louis,Famous warrior; renowned fighter,5
en,d0ffbc65-c964-5657-aa38-aebbdf1f7b14,Luana,Happy; content; graceful warrior,5
en,77f5d214-d71b-58ed-a030-18df889bef97,Luana,Happy; content; graceful warrior,5
en,925300ca-b7bf-59b9-96a5-89b9986508b9,Lucas,Bringer of light; luminous,5
en,aaf586f5-ccdd-55b9-8eab-1c15936bab5e,MAËL,Chief; prince; generous lord,5
en,1bd364fd-898c-501b-ba93-5024dbf6913d,Mia,Mine; beloved; wished-for child,5
en,54916ae8-443e-5fa1-b1ae-5c66ce485869,Paul,Small; humble; little,5
en,35a4f013-3e94-51ff-8d1e-0c4236b2c98d,Sem,Name; renown; fame,5
en,dda2f90b-2f7e-5e4f-87f1-9774c78c1deb,Sophie,Wisdom; wise one,5
en,1398392d-b4eb-5c10-bce5-74fa6257dde4,Beatrice,She who brings happiness; blessed,6
en,c5f59499-3de2-5ad9-b599-dfb3d477f096,Catarina,Pure; clear,6
en,7b69ec0a-0811-5239-b728-437960a043e2,Catarina,Pure; clear,6
en,cb19e292-db71-5816-8de5-9747a9c1f323,Francesco,Free man; Frenchman,6
en,2014acb9-8f83-54f4-ac62-d23d4b25ca83,Jules,Youthful; descended from Jupiter,6
en,9daba9df-a557-5793-a655-f6e418d69754,Jules,Youthful; descended from Jupiter,6
en,814a1392-94ca-5b42-b66a-9cd76cd70c2a,Leandro,Lion man; brave as a lion,6
en,1a60901c-40be-5e0e-92a1-484992043237,Leandro,Lion man; brave as a lion,6
en,8600ea7c-65df-56f5-85c6-7ed93375477e,Lina,Tender; delicate; palm tree; sunlight,6
en,cff27def-b7e6-5831-934e-cec00df6265a,Lina,Tender; delicate; palm tree; sunlight,6
en,b49e3915-8c88-5b60-9117-421b19f71015,Luca,Bringer of light; from Lucania,6
en,4c4c3e87-5cd4-5f48-85d0-8a5b8997e5a8,Manuel,God is with us,6
en,3b8c3785-8182-5dae-80d7-fb5911f2edb8,Mees,Gift of God,6
en,0d0d96b7-4026-5b6c-b359-8852e60decfc,Mila,Gracious; dear; industrious,6
en,af714631-97c7-5820-9771-c21b7d988783,Noah,Rest; comfort,6
en,4e35613c-0403-5baa-9563-687363d86abb,Noah,Rest; comfort,6
en,71f19c10-45f0-59ae-9d5b-5c147ab4a4f3,Rose,Rose flower; beauty,6
en,e0e25e8d-ef66-59b7-8cb3-df0b12a8ee98,Rose,Rose flower; beauty,6
en,58ba2106-53a8-5749-b711-2081f6a7b0bf,Rose,Rose flower; beauty,6
en,cae6cdf6-5262-5a0d-8bce-bd096d37af9a,Valeria,Strong; healthy; brave,6
en,751a5828-41f6-508d-806b-2c97328ac07c,Adam,Man; earth; red earth,7
en,3eef7ea4-5e32-5430-a5e8-bb5f8afce6f7,Alice,Noble; of noble birth,7
en,40b722a0-cd93-5350-b24e-c2da0e2e88f5,Alma,Nourishing; soul; kind,7
en,15b3b86b-12e8-5e01-8a9e-742b2069328a,Anna,Grace; favor,7
en,a4e972cc-7242-5cde-aa38-00d5209b9806,Izabel,Devoted to God; my God is an oath,7
en,c42351fc-90a3-5825-9c9e-ea358523513f,Izabel,Devoted to God; my God is an oath,7
en,9d11ee73-ac92-5285-a502-ccb88e6a9088,Jules,Youthful; descended from Jupiter,7
en,d22027d2-d8de-5bda-bbf0-4db1634baa97,Jules,Youthful; descended from Jupiter,7
en,0b702924-ed64-5110-932c-5df5e7a450cf,Lorenzo,From Laurentum; crowned with laurel,7
en,9545e42b-29e2-5488-99c5-026f4f5955e8,Ludovica,Famous warrior; renowned in battle,7
en,a4a29e0d-5ea0-56c3-bdae-8c8ebc4c064e,MAËL,Chief; prince; generous lord,7
en,a007e346-0ee7-58d9-a965-2dfdee446660,Mila,Gracious; dear; industrious,7
en,ffae8b34-2a33-581c-bbb1-2f3b79618df5,Noud,Bold courage; brave like a wolf,7
en,36cc1c3c-58e0-5e42-8bb2-bd9e5f474398,Olivia,Olive tree; peace; symbol of peace,7
en,8b05269f-064a-5074-8c7d-e5242e36e536,Pablo,Small; humble; little,7
en,f451b4e5-f725-52c9-8a39-d4f005de2269,Rose,Rose flower; beauty,7
en,b40e2f9b-d5f7-5dbe-ac71-68b94f4c7841,Adam,Man; earth; red earth,8
en,91ba1639-b68d-584a-8b81-a3289712e180,Alba,Dawn; white,8
en,cdda1e08-f26b-5ade-ba52-0dada8c6decd,Alejandro,Defender of mankind,8
en,76476fc3-e9a2-5aef-a04f-2cd19463d956,Alice,Noble; of noble birth,8
en,add18870-0f36-5148-8765-b20e88efcb93,Antone,Priceless; praiseworthy,8
en,1590a7e1-2172-57dc-ba09-6194204c382c,Antone,Priceless; praiseworthy,8
en,0fef7e42-1e2f-5f8a-894b-7e89611e5c74,Arthur,Noble; bear-man; stone,8
en,7c156cc3-ef38-52c5-8e94-0f8b84777ce6,Chloé,Young green shoot; blooming,8
en,fe43ee7c-409d-500d-aa3e-0d9170031603,Ella,Beautiful fairy; all; completely,8
en,47e316af-3f4d-57b8-b5cb-18ba79da95f8,Emil,Rival; eager; industrious,8
en,53167e04-d2ac-5ef2-b62c-5d8191bbf381,Emma,Whole; universal; all-embracing,8
en,774a3faa-9718-5eb8-b56a-48d47867712c,Gabriele,God is my strength,8
en,e93564b1-25e6-50a2-837c-1bfac286138f,Levi,Joined; attached; pledged,8
en,ebda56cc-87fe-5505-998b-d544da1e4f87,MAËL,Chief; prince; generous lord,8
en,f0a3a3b9-e452-5d83-8347-c391c7411047,Matilde,Mighty in battle; strength in war,8
en,2fc59f51-de7d-5ae4-b94c-87ccf815a817,Noah,Rest; comfort,8
en,5d9620db-bf92-5dfd-973c-3c510d3313da,Rafaela,God has healed,8
en,0808d57e-f321-5ff5-9dd1-8688c4068087,Rafaela,God has healed,8
en,ee18a3e3-3fa0-5e4e-823e-d94a2cedd079,Romy,Rosemary; dew of the sea; from Rome,8
en,c1ebeda3-9795-5c7b-b549-9d78381501c8,Yara,Small butterfly; water lady; spring,8
en,5d7b1ab7-6407-5b09-99e0-4e35e6964c48,Adam,Man; earth; red earth,9
en,30c4218e-9154-58e5-94d6-80e43a61baeb,Adam,Man; earth; red earth,9
en,118432eb-a03e-5d4c-82ff-99fd65a904f3,Alice,Noble; of noble birth,9
en,af0f3b29-80b3-5a96-844c-e224ede53f86,Anna,Grace; favor,9
en,ca706b6a-4040-58ea-b5ce-f1e0bad4cd57,Arthur,Noble; bear-man; stone,9
en,18bbc241-6107-5c54-a6e7-8fa141fffa11,Clara,Bright; clear; famous,9
en,798e722e-be53-56ac-8ee7-376cbb416684,Enzo,Home ruler; winner; giant,9
en,a1524e8a-deb0-50a7-81c1-1258f1c90636,Finn,Fair; white; blessed,9
en,e722465f-49e8-5262-8193-59a68923cd67,James,Supplanter; he who follows,9
en,c827c150-b2df-5e5e-8f75-1c6b3f14aee7,Lucas,Bringer of light; luminous,9
en,4e79fd06-8145-555b-b42b-ad0366876e42,Matilde,Mighty in battle; strength in war,9
en,96263491-568d-51c3-b8d7-7cd32a9818cf,Matilde,Mighty in battle; strength in war,9
en,dad94d2b-b99e-5061-9eb2-5a2007d9adef,Mia,Mine; beloved; wished-for child,9
en,e321bbc6-1ec6-5f9c-9f57-dcee21f54d66,Paula,Small; humble; little,9
en,abbb6c0c-bfde-538d-a6b7-667108ab0d34,Riccardo,Brave ruler; strong in power,9
en,c4fdecf2-7462-5896-bee8-d6680a1ac93d,Romy,Rosemary; dew of the sea; from Rome,9
en,2dba09ac-3b88-5ff7-bb88-7229ca3a78d0,Romy,Rosemary; dew of the sea; from Rome,9
en,5f088f3e-3565-5798-8b2f-5095875f58db,Ronaldo,Ruler with counsel; wise leader,9
en,63de3993-cf38-5009-bfe3-9f370e3b6682,Ronaldo,Ruler with counsel; wise leader,9
en,53f1dafe-3a60-5106-98ab-8ce092d88141,Sara,Princess; noblewoman,9
en,19d1acac-f5dd-5156-8146-aa657ae8e8ab,Adam,Man; earth; red earth,10
en,23873ecf-98d0-5856-b985-8f7c6a4028d8,Andrea,Brave; manly; courageous,10
en,060fb34a-a3c5-5f8a-bcfe-72e762858d92,Anna,Grace; favor,10
en,f3f11ee5-5bc1-5ea2-8e1c-484814b14e9c,Daniel,God is my judge,10
en,c39e733d-8747-55b8-bc7b-0e21f1a30500,Emma,Whole; universal; all-embracing,10
en,b60910d7-66c5-5749-b723-009f3a6cffee,Henry,Ruler of the home; estate ruler,10
en,0fcac508-5058-53b7-8c6c-c730e5ca8cfb,Hugo,Mind; intellect; spirit,10
en,feaf6f34-f452-5f3a-beda-55806c7c8805,Isaac,He will laugh; laughter,10
en,dce218b9-43ac-5b25-88ef-1c1128c3f304,Lea,Weary; meadow; lioness,10
en,7809e815-8f07-5f93-a3e0-b400f42464e4,Léa,Weary; meadow; lioness,10
en,0424e6ba-7555-5623-9382-3cbe2940efda,Lina,Tender; delicate; palm tree; sunlight,10
en,beca7ac1-fb59-5012-9c03-20fd567ae6b3,Lucas,Bringer of light; luminous,10
en,8171c4c5-7799-5fd9-8395-315c7fa19c8b,Lucas,Bringer of light; luminous,10
en,05045b90-8eaa-50bc-8378-eabea2c7685d,Mia,Mine; beloved; wished-for child,10
en,27b05760-03ec-5e38-9acc-faa25e79fbc1,Paulo,Small; humble,10
en,0bd46f77-4383-5fdf-81ed-44b5880701d8,Paulo,Small; humble,10
en,9ce58332-c9db-5626-aca2-474969af73e4,Vega,Meadow; fertile plain; star,10
en,cf67ae35-399a-520d-877b-98fb6be43190,Zoë,Life; alive,10
en,c968a637-3cc2-5ff1-a1bf-f546f64480c2,Alvaro,Guardian of all; elf warrior,11
en,7dc92ca7-b319-53b1-8e38-1976094f746f,Anna,Grace; favor,11
en,ad35fff6-30d4-5eb9-91ea-0837de632a89,Arminda,Warrior maiden; protector,11
en,70631662-cec8-5e10-89d3-ba977a8748c4,Arminda,Warrior maiden; protector,11
en,5d9d39ff-9b09-5ab7-b8c6-83a7478bc3a7,Camilla,Young ceremonial attendant; noble,11
en,9e3a33f0-bfd4-5f4e-8751-ea786f2af004,Cristiano,Follower of Christ; anointed one,11
en,4f3929d4-cdb3-5716-afbc-1d16a871f907,Cristiano,Follower of Christ; anointed one,11
en,31c8b05e-c15a-5027-8f8f-9617d90a0ce9,Diego,Supplanter; he who replaces,11
en,23558175-303f-5b60-a0b7-84ba860ab1aa,Eva,Life; living one; to breathe,11
en,2e20d64f-d44b-50a3-b20f-3947f2d23580,Finn,Fair; white; blessed,11
en,0afbf802-70c1-5988-ba00-1a15c2010006,Hugo,Mind; intellect; spirit,11
en,5a352908-87c4-5baf-a4ae-1804edfabe3e,Léna,Bright; shining; alluring,11
en,426b5224-f47a-5cd7-8b6c-272dc26e4571,Liam,Strong-willed warrior; protector,11
en,dd9d0eab-58cc-585f-838e-fb44e1877d39,Liam,Strong-willed warrior; protector,11
en,b69f010f-ff87-598e-a54d-d5f3d7a7043d,Lina,Tender; delicate; palm tree; sunlight,11
en,e9ec5e2a-1fca-5b97-b58d-3a2c15761059,Louis,Famous warrior; renowned fighter,11
en,041f53a7-4894-5345-95ff-db8e6071fcfb,Marie,Beloved; wished-for child,11
en,30f28520-f339-504e-ad1c-f69948769eef,Mia,Mine; beloved; wished-for child,11
en,0994e01b-5483-50bb-847f-815db918bc2f,Noah,Rest; comfort,11
en,2645d55d-8ae9-5d83-a2df-a10f65a1d88a,Tess,Harvester; reaper,11
en,0b8e8fc9-bd8d-5bc7-963c-ec21b9b92508,Alma,Nourishing; soul; kind,12
en,ea3f61ef-e138-54e2-ba6b-b6edb6617a80,Anna,Grace; favor,12
en,bf71e4d7-9213-5f38-a7a4-387132f2b57e,Daan,God is my judge,12
en,e1d25017-f492-5290-a9e2-07b47202426f,Elin,"Bright, shining light; torch",12
en,bfc084f7-ade4-5647-a12d-1394eb8d0cb9,Enea,Praised one; the one who is praised,12
en,a1c6ba63-1971-5aef-abb2-36ddab5937fa,Felix,Happy; fortunate; lucky,12
en,93a30545-60bf-5b66-a008-22c8ffb1ee68,Gabin,From Gabium; white hawk,12
en,e435b936-88ff-5e38-8733-c33a583817e7,Leni,"Bright, shining light; torch",12
en,a27e500e-912c-5089-8cda-3ec7e7f08063,Liam,Strong-willed warrior; protector,12
en,4c5cdb39-91c4-5f2f-972c-ff56996f8ebb,Lina,Tender; delicate; palm tree; sunlight,12
en,ae9fe5a6-542b-56a9-abd3-1b51993afc7c,Lou,Famous warrior,12
en,879ae227-d02a-5caf-92af-c77e1d25f761,Luiz,Famous warrior; renowned in battle,12
en,5c9cb10c-93d3-5241-841b-c6757c0f8e13,Luiz,Famous warrior; renowned in battle,12
en,cabdd026-bac2-5047-81fc-e06ab036370c,Mafalda,Strong in battle; mighty,12
en,776998b6-1904-5fa9-a424-91843e3bbe49,Mafalda,Strong in battle; mighty,12
en,9b3c3160-c757-58a9-bd06-c209d647938c,Mia,Mine; beloved; wished-for child,12
en,e24362d7-9a1a-529d-b7ac-dccecf285544,Mila,Gracious; dear; industrious,12
en,60ff85e5-383a-5cf3-957d-455948565a40,Sacha,Defender of mankind,12
en,ec89eb86-1a2e-517c-8076-20d772581935,Sacha,Defender of mankind,12
en,dcf8f36a-67cb-555d-b03b-33da2af2a40b,Thiago,Supplanter; may God protect,12
en,37534555-8a2d-5de3-86d4-cfc3bde37821,Adrian,"From the Adriatic Sea; rich, dark",13
en,961c2f89-c707-51a0-93d0-737648fced0f,Bianca,White; pure; shining,13
en,e386a2a1-1c10-5166-b180-e4d92a93db52,Carmen,Song; garden; vineyard,13
en,63ae789a-f7ee-5057-a556-436cf78b639b,Chloé,Young green shoot; blooming,13
en,0a0e520e-d376-5bb7-96db-0f914dfea280,Eden,"Delight, paradise; place of pleasure",13
en,a33313ac-6846-57d0-bf1a-7f9a87dad0f0,Gabin,From Gabium; white hawk,13
en,1da3716d-717a-5dd5-915a-65fdd2fab189,Isaac,He will laugh; laughter,13
en,42fd2387-65a9-5a94-aa5d-e17bd3d1deee,Julia,Youthful; downy; soft-haired,13
en,7d6f73da-801c-5e6b-b69e-bb2ae97ba917,Lia,Bearer of good news; weary,13
en,8677c3d4-9c38-53d9-b4f9-c3351f3c7bf6,Liam,Strong-willed warrior; protector,13
en,371b9907-b3eb-5537-a218-9264d7d3324e,Liam,Strong-willed warrior; protector,13
en,c38e8772-25b9-5a59-81e9-571ee4ff2616,Lou,Famous warrior,13
en,081ba627-bd30-5cc1-83f0-b80c2777014d,Luna,Moon; divine light,13
en,c73ae29e-6f3f-5416-b7d0-fc7b94bf686a,Matteo,Gift of God,13
en,e1eda2ea-2c4a-5388-b9b2-f6db97461f14,Mia,Mine; beloved; wished-for child,13
en,41c5e1a6-c2d8-54e0-a510-01a9de30532a,Sam,Heard by God; name of God,13
en,f598cd42-60bb-522d-98ea-27e4aa69ac1d,Zelia,Zealous; ardent; eager,13
en,51c1711f-1e9a-5933-8374-904a5b15fd75,Zelia,Zealous; ardent; eager,13
en,56c50dbe-a565-5cd9-8ab6-a6227fd1c608,Agathe,"Good, virtuous",14
en,6fe6ca8d-e419-52e4-a47c-1f684ad15be8,Daniela,God is my judge,14
en,bc41425b-7fd7-5cc5-aad6-64911b3a70c4,Gabin,From Gabium; white hawk,14
en,1a3df5c3-b82d-5559-9268-fda5ff8a7f15,Giuseppe,God will add; he shall increase,14
en,1b30353a-b5ae-5cb3-a877-67466703c900,Greta,Pearl,14
en,6b16adbe-362f-5d60-8f1f-721633580275,Julia,Youthful; downy; soft-haired,14
en,0279c862-7493-55a0-8eb3-73870c22cb18,Julia,Youthful; downy; soft-haired,14
en,218a0513-dd84-504f-a981-176fcf57c9e4,Leo,Lion; brave,14
en,d0e0dd36-735b-557f-9a4f-6d5e3b7d1097,Lucas,Bringer of light; luminous,14
en,7a8069eb-a0cd-5ccc-baf8-f4565fbe9548,Luiza,Famous warrior; renowned in battle,14
en,c7be0e3c-c0f7-5204-aab8-a791aa4f3f2c,Luiza,Famous warrior; renowned in battle,14
en,9ebc69c6-fd2a-5914-993b-327dbbca062a,Maeve,Intoxicating; she who rules,14
en,b6786a6b-5828-5981-9b7e-a284d5523671,Mario,Warlike; of Mars; bitter,14
en,bc3d188f-5c6f-5527-97ca-2dbcfee301d4,Mathilda,Mighty in battle; strength in war,14
en,a2758d4b-1de4-5749-964c-30972120dd66,Milan,Gracious; dear; loving,14
en,c008e4ad-55e7-541c-ace8-faab136bbca9,Romy,Rosemary; dew of the sea; from Rome,14
en,4ee4641f-ca35-56c7-8bcd-c3f953949c20,Sacha,Defender of mankind,14
en,71e764de-f1d7-5bd2-b9a8-334ced9f10cf,Sacha,Defender of mankind,14
en,1dac0361-6346-5a3a-b58b-8e18c24ddfda,Tiago,Supplanter; he who follows,14
en,79d7907d-bc49-56cb-9904-eb0827514aa6,Tiago,Supplanter; he who follows,14
en,22528fc9-12b5-5772-a1dd-d57047f9557d,Aaron,"High mountain; exalted, enlightened",15
en,f3f968a8-3a43-5d57-b6f0-bf532f88fbd9,Antonio,Priceless; invaluable,15
en,90ae0f06-4f65-5e02-9930-7b7bf7fb5bf1,Azzurra,Sky blue; azure,15
en,5a1f294a-b652-57d2-88dc-96c483e13868,Ben,Son; son of the right hand,15
en,20c985d1-3a6e-59df-a0c9-c0d2f6305c6e,Carla,Free woman; strong,15
en,9cb4ddc1-25c6-5b5b-a003-58932d88ea53,Chloé,Young green shoot; blooming,15
en,0441267a-2334-5cb4-b126-80cf2bda3121,Eden,"Delight, paradise; place of pleasure",15
en,4f9fc055-f307-5232-a1a0-7cf0d4506166,Gabin,From Gabium; white hawk,15
en,18acb648-2cb8-5069-ad90-00855fad39fb,Ida,Industrious; prosperous; hardworking,15
en,7237ec95-195a-516c-a84b-5edf1d277c95,Inaya,Care; concern; divine protection,15
en,3cb4e28b-f48d-563b-9874-24cb843a5bb3,Joao,God is gracious,15
en,f3860885-b23f-5b1a-9121-70f83f409c9d,Joao,God is gracious,15
en,42c21b64-ef26-5530-91fd-d6ef123b7c56,Léna,Bright; shining; alluring,15
en,ccdf3848-ffff-58e5-965e-87474486f6fc,Liam,Strong-willed warrior; protector,15
en,c3f940a1-96a3-56ca-900e-70c1133e98ba,Lou,Famous warrior,15
en,a9a58882-4aac-5981-9151-db3f8d0010ee,Luuk,Light; bringer of light,15
en,c4a98e77-7a3b-546a-a0c4-7eb40b926f3f,Milou,Gracious rival; gentle strength,15
en,22bddbdd-7db4-5bf9-a9fa-7c6703c2cab5,Paul,Small; humble; little,15
en,c3c3604a-eae2-543b-96c6-52f5acf0fb98,Alma,Nourishing; soul; kind,16
en,fe20dc12-abab-5c8f-b06e-b92b4b0334ed,Anton,Priceless; invaluable,16
en,6501d68c-ec07-501c-8e4b-6e5b5ce81d8d,Davi,Beloved,16
en,351d5181-084a-5675-af7a-2da4dc5c5744,Davi,Beloved,16
en,5732279a-afff-5dca-8064-1694dfe06e00,Diego,Supplanter; he who replaces,16
en,9fe902b0-7751-5445-9922-c9bac20eb900,Frieda,Peaceful; peaceful ruler,16
en,7fcdb2cf-2d98-57f1-8dd7-7950e9944259,Guus,"Great, magnificent; venerable",16
en,15034da6-a03b-5ae2-85e3-39a3d72ada3a,Hugo,Mind; intellect; spirit,16
en,a9e93cff-7823-5b2a-9e09-eee56977a2f9,INÈS,Pure; holy; chaste,16
en,4f0fc877-09c1-50ec-8377-ff5ad5a62699,Lara,Cheerful; famous; citadel,16
en,baa1d111-501e-5cba-93db-3a4c61e202e8,Léa,Weary; meadow; lioness,16
en,4c4da1f6-4406-51bd-b3b0-b39afbc4b364,Léon,Lion; brave,16
en,b33ac903-4090-5210-b968-087491e72d19,Léon,Lion; brave,16
en,1e17fb4f-3540-5438-9eab-e0a12c89f503,Lou,Famous warrior,16
en,cdda9b52-9086-5ae4-861f-5cb1222469c1,Lua,Moon; luminous,16
en,6f8aac2a-b26d-5bac-88f9-8282e73542d6,Lua,Moon; luminous,16
en,71c138e4-e85b-58bf-bd39-a3398c51b053,Nathan,He gave; gift of God,16
en,7924768a-c9a0-5520-b72a-9181f2ed0d8e,Nicole,Victory of the people,16
en,e586a7be-b21c-5881-8e5b-c3a5b33f229b,Nicolo',Victory of the people,16
en,2b957ee3-c8d4-5a6b-a4c4-e825e83f1d86,Nina,Little girl; dreamer; mighty,16
en,685acb23-45bc-5559-b465-18f824a3a80d,Aaron,"High mountain; exalted, enlightened",17
en,cce31a7b-5012-5b68-af31-1800c98932f6,Agathe,"Good, virtuous",17
en,1a9b86e5-3110-5854-8564-eac5994de380,Agathe,"Good, virtuous",17
en,c80fe2b6-8216-5059-a929-c06dd11a54c4,Anna,Grace; favor,17
en,8bbc859e-ae15-511c-9ee2-f47dd9ca4e6e,Federico,Peaceful ruler,17
en,2d43cc52-5ad0-5512-a8c9-b5effabc6215,Isaac,He will laugh; laughter,17
en,8b199f1f-822e-5d6e-9bcf-7b1e1f4f92b2,Isabel,God is my oath; pledged to God,17
en,d35f1b4c-1dd8-5f21-ad3f-434164746166,Julia,Youthful; downy; soft-haired,17
en,580f07dd-5b36-51d8-aee2-e1d2ab89acda,Léna,Bright; shining; alluring,17
en,d51a32f9-51a6-55ec-af8b-d8a4cd294aba,Luca,Bringer of light; from Lucania,17
en,4d009d84-ede3-5867-92b3-4ca758efc824,Matheus,Gift of God,17
en,32420fa4-44ca-5bcc-a3e8-500ecb4ce9cc,Matheus,Gift of God,17
en,378de1cb-6b29-57f1-8f61-26b2fc5dc730,Mohamed,Praiseworthy; praised one,17
en,8bfe1a04-993c-512b-9218-198e653ad7cd,NAËL,Attainer; achiever; winner,17
en,c715f363-129e-5758-badf-26f66111df06,Saar,Princess; noble lady,17
en,98b48c22-25e6-5979-9aad-f299e034597a,Sara,Princess; noblewoman,17
en,1d5e8a40-bcd9-5878-844b-779cdee77e8c,Zayn,Beauty; grace; ornament,17
en,30440633-32fb-51bc-8bde-68ef773ef965,Aaron,"High mountain; exalted, enlightened",18
en,1ace9d69-e4be-5164-ad48-dbaff738018a,Agathe,"Good, virtuous",18
en,1f17a407-a62a-50f3-85a1-c21483d32b9c,Bruno,Brown; armor; shield,18
en,e8b25ceb-43f5-53b4-b396-f78f577c783d,Chiara,Bright; clear; famous,18
en,7c5f9ee5-6341-5606-b369-2e61d1ba0b12,Evi,Life; living one,18
en,dd54914f-39a1-5dca-86e8-d1d3ef6afe9e,Frederico,Peaceful ruler; prince of peace,18
en,4f872cfa-cb62-577f-bbeb-efec730ec221,Frederico,Peaceful ruler; prince of peace,18
en,e0498486-fafd-5488-859f-e14c11f2ad50,Hugo,Mind; intellect; spirit,18
en,7fc5aa6b-f04a-5028-93ef-7d21e9fa59f1,Iris,Rainbow; messenger of the gods,18
en,018dc241-7b1a-5b91-b08c-7d95243944d6,Iris,Rainbow; messenger of the gods,18
en,af45fe3c-5c4b-5367-b92a-857182d4f2a1,Iris,Rainbow; messenger of the gods,18
en,1dcedd6b-2111-56f5-b6ca-3bae4dffb4e3,Jakob,Supplanter; held by the heel,18
en,3a9a224b-03c3-5683-85ad-a17b77537903,Jimena,Listener; one who hears,18
en,dacbb109-606e-5dcf-9965-ba7e115528f2,Lilly,"Lily flower; pure, innocent",18
en,f7be9f6f-c626-54df-bf04-fc8bb11d0c21,Mats,Gift of God,18
en,f8ea8afb-6b7b-55fc-9881-f015cc1c8e6a,Mohamed,Praiseworthy; praised one,18
en,d6fe0765-7450-561e-a2e5-dab232c8a0c6,Paul,Small; humble; little,18
en,7b6408ac-1158-58c6-a8d8-cc6dd1754fa5,Samuele,God has heard; name of God,18
en,6ebd9378-ea72-57cf-9fe1-10cc432369a4,Tayna,Star; fairy queen,18
en,26d14b7c-7af5-50d0-a2bf-c37ef60b6634,Tayna,Star; fairy queen,18
en,b039a824-c8b6-5ede-8994-9831f234406a,Amilcar,Friend of the god Melqart; grace of Baal,19
en,dd3fe368-841e-536b-9d4d-9a4a697cc369,Amilcar,Friend of the god Melqart; grace of Baal,19
en,b39dea97-9eb8-57bd-8872-0d0c1286f911,Ethan,Strong; firm; enduring,19
en,207ec011-414c-5196-82f2-f1467b602f6c,Eva,Life; living one; to breathe,19
en,7f0c10bf-b96b-5afc-a0f5-6b717c2551f1,Giorgia,Farmer; earth worker,19
en,253441e2-efe5-59b1-85d0-ccaa50700e86,Inaya,Care; concern; divine protection,19
en,eca0a013-f0ff-5f09-bb11-dc017451e45a,Jonas,Dove; peaceful being,19
en,680bba77-c188-5a22-aed8-f2ca1bb14bca,Juliette,Youthful; downy; little Julia,19
en,3008c732-e3cf-5dfe-ab2a-08d4afced049,Léna,Bright; shining; alluring,19
en,08cc1129-c328-5402-ae0c-ddc058100d41,Lola,Sorrows; strong woman,19
en,2d42e2d4-def4-5314-9f38-4320be8e7793,Madalena,Woman from Magdala; tower,19
en,0009aad3-8b10-5e0d-bddd-245f4aaab031,Madalena,Woman from Magdala; tower,19
en,41da84aa-48e2-572e-8f5a-2c28e2bdf1e8,Mason,Stone worker; stone mason,19
en,591d254b-206d-5a16-a2c4-58b6a65c4d25,Mohamed,Praiseworthy; praised one,19
en,0be8d61e-5531-5866-b628-a87fee56f1ff,NAËL,Attainer; achiever; winner,19
en,0db902bf-ba67-5df0-93cc-37632b4db336,Nathan,He gave; gift of God,19
en,0b81900a-ca4a-580a-a6c2-fa637bcd9778,Nina,Little girl; dreamer; mighty,19
en,2ec32418-14ed-54c0-8947-aa17cd646134,Oliver,Olive tree; peace; ancestor's descendant,19
en,2117a78c-f31d-5af3-a657-7ee4396490c1,Pietro,Rock; stone,19
en,25daa0e2-192a-5203-b442-20a18a2cf247,Andreia,Brave; courageous; strong,20
en,a4884683-47e2-5aac-8860-b78302791a4d,Andreia,Brave; courageous; strong,20
en,c4635e55-2abe-5212-a5bb-46976c7c0f68,Arianna,Most holy; very pure,20
en,28da0501-f920-56f4-90a7-9ce256202cea,Bram,Father of many,20
en,2ea6153e-89e2-5925-a8eb-c5de08cf9818,Charlie,Free man; strong,20
en,f96c5cf3-e932-5553-8afe-e0da14fd7f40,Eden,"Delight, paradise; place of pleasure",20
en,a2794390-cb11-56e5-8137-96f36a000422,Emily,Industrious; eager; rival,20
en,a8a0ee85-4c86-51b8-a323-8e2389a66876,Filippo,Lover of horses,20
en,c5bd524a-ee5d-553e-9e7d-e2699142aed5,Gala,Calm; festive; from Gaul,20
en,81b55d86-4303-5690-aa56-4b47f2d7929f,Giulia,Youthful; downy,20
en,0122aa4d-46c2-5a7d-8b88-627b6dd54409,Gonzalo,Battle genius; war elf; saved from battle,20
en,b9e3e5ca-330c-5bef-ac3a-fe75a9567f24,Inaya,Care; concern; divine protection,20
en,52c82c6b-329d-547d-a8ea-9c1ae5a0b992,Inaya,Care; concern; divine protection,20
en,39dff63b-e6bd-52a1-a41d-4ef6b09233d4,Joaquim,God will establish; raised by God,20
en,845f641a-560a-5eab-b1e4-769c024df9d8,Joaquim,God will establish; raised by God,20
en,2f4eb633-66e4-5121-ac54-09d0ddd0c7e7,Léon,Lion; brave,20
en,3887addc-a01b-5d3f-a811-e2e2c54b4111,Mia,Mine; beloved; wished-for child,20
en,25839438-c74a-53b0-b454-6660a768667c,Noé,"Rest, comfort; peace",20
en,60150054-caa9-5931-88c3-dd0080243734,Noé,"Rest, comfort; peace",20
en,0c9a5eb9-f69e-5f45-be96-087a0736ae9f,Oskar,Divine spear; deer friend,20
en,a936692f-eccf-5140-88db-868521c70968,Charlie,Free man; strong,21
en,9dff0485-7274-58d3-98b9-b03238ef1a2c,Davi,Beloved,21
en,08322b73-0634-5152-8b77-19c9a559d0b5,Davi,Beloved,21
en,0be32ce8-860e-5009-80e4-97d955268518,David,Beloved,21
en,0511c6ae-1c36-5633-833d-69c97950ca7d,Eden,"Delight, paradise; place of pleasure",21
en,f9d39c15-7da6-5f3d-a433-fd5f3131d6ee,Gaia,Earth; goddess of the earth,21
en,5e9001ef-8832-5dfd-8170-eba24e3aa862,Giovanni,God is gracious,21
en,5cd49640-d137-575c-a3c2-a50c9d901b98,Juliette,Youthful; downy; little Julia,21
en,c4bbd403-85f3-51fd-bc41-44a3cf685e62,Juliette,Youthful; downy; little Julia,21
en,688a5e69-4a3b-551d-9443-58414175e153,Leonie,Lioness; brave,21
en,d4a13f7f-2403-5ecf-ba42-2b4909479fe4,Lotte,Free woman; petite and strong,21
en,e7a60bdc-bdf7-59a3-a750-0c44108ddd6b,Marceau,Little warrior; dedicated to Mars,21
en,29f6a395-b355-5348-a3fb-e67f4523f826,Mateus,Gift of God,21
en,0c70858a-8388-5f5a-b6be-58dd11a89b42,Mateus,Gift of God,21
en,7c11a6f1-58a9-54a7-88ac-84186db6aca8,Mohammed,Praiseworthy; praised one,21
en,58c2f687-2304-56ae-b285-d99d4bd32770,Nina,Little girl; dreamer; mighty,21
en,fe043651-6991-5081-bf71-60892d5a1892,Noa,Movement; motion; rest,21
en,b28d8dbd-4561-5fe7-9bbb-648e7b1e2f47,Paul,Small; humble; little,21
en,1289f705-4013-5024-9dc1-dbacd842d8ea,Siem,Hearing; listening; obedient,21
en,a1c61d99-312f-5045-b954-2a304072ed2d,Tom,Twin; innocence,21
en,0838c8d1-2ea5-54fd-87f9-9e36337bedcc,Aaron,"High mountain; exalted, enlightened",22
en,fc83814f-63e0-58dd-81df-0c1d90d2ca32,ADÈLE,Noble; kind,22
en,a70936e9-5403-5afa-97b7-ff26ab88d7ba,Alba,Dawn; white,22
en,86a7d188-fde0-5302-8495-a0f70ab345b4,Alex,Defender of mankind,22
en,22af3b88-a178-54ef-8a52-aed94c84d012,Ambra,Amber; precious jewel,22
en,98009204-bc85-5db3-bb86-fa543d255164,Anapaula,Grace and humility; small and gracious,22
en,9c37254a-afd3-5171-a5d1-9cf241d20514,Anapaula,Grace and humility; small and gracious,22
en,a1a76314-5ea4-52a9-9ecf-79f78a2a7cb7,Boaz,Swiftness; strength is in him,22
en,09804980-6780-51e5-a2eb-4f4959affa4b,Charlotte,Free woman; petite and strong,22
en,1d9ef32c-495e-50d2-934d-8532796bdeb1,Christiano,Follower of Christ; anointed one,22
en,faa18315-6213-588b-a58c-251645f38daa,Christiano,Follower of Christ; anointed one,22
en,6a90a80e-6bd7-5fc5-90da-4a505fa88ad2,Giulio,Youthful; descended from Jupiter,22
en,a6c796cd-87a8-5fbb-82f6-1d7d46f1fe13,Léa,Weary; meadow; lioness,22
en,b71b69e8-8c5c-50f1-9549-a690c39acacc,Léon,Lion; brave,22
en,fbdff8c1-12ef-5ae5-b3b2-83510fb346ba,Liv,Life; protection; shelter,22
en,12c822ab-43d6-5ca8-8c80-021b9a4986ed,Maximilian,The greatest,22
en,fc4558fe-140f-5e5a-86e9-e9f00777b989,Mohamed,Praiseworthy; praised one,22
en,eab611a1-09f3-5333-ad5f-09935445b77c,Noé,"Rest, comfort; peace",22
en,25a53279-2b2e-51c0-b0bd-523f118f84aa,Zoé,Life; alive,22
en,fee90b4e-a4c2-56b1-8cf5-201cb84ea8f1,Zoé,Life; alive,22
en,8fe9e79d-97e6-578d-94f5-a591c094ea9f,Claudia,Lame; enclosure,23
en,42c8ad87-796e-50be-b709-d83d849657ca,Ethan,Strong; firm; enduring,23
en,dbbf7d35-bd0f-5f39-a4cc-8ee9e4409088,Jeanne,God is gracious,23
en,270ad380-5fa4-51ca-ae46-c019c5885653,Léonie,Lioness; brave,23
en,6ba9e45b-2c2b-5ecb-902e-9aa5b357c2a9,Levi,Joined; attached; pledged,23
en,903339b3-b05f-5bba-891f-846c53967bca,Luisa,Famous warrior; renowned fighter,23
en,0bdb4d64-e343-5877-bd5d-e320d09872c4,Marceau,Little warrior; dedicated to Mars,23
en,aeeba757-b142-5f96-9c0f-6d894bb653a2,Marcos,Warlike; of Mars; dedicated to Mars,23
en,faa32c10-419d-535e-8b19-2c29d95b0824,Maud,Mighty in battle; powerful strength,23
en,04318ceb-af67-5dfa-938c-35493d5edb21,Noah,Rest; comfort,23
en,aa47f1fe-4b34-5541-8bc6-36e3e7a3cce1,Noé,"Rest, comfort; peace",23
en,35048336-950d-5670-910b-ae3383d173ec,Noemi,Pleasantness; my delight,23
en,ac9d4ba3-580c-57f6-bc43-7340f2e12a6f,Oliver,Olive tree; peace; ancestor's descendant,23
en,491184a4-b58c-56e3-98cd-762e21293b51,Paul,Small; humble; little,23
en,65a67996-ba1d-5c83-a942-d5cdcc582ab3,Victoire,Victory; conqueror,23
en,46e2ab52-659f-54c5-8c2f-3fcd2d166013,Victoire,Victory; conqueror,23
en,6bd2963a-1039-586f-a9a0-196498b00b81,Anabela,Graceful beauty; lovable,24
en,34c13f0a-8491-5900-a58e-612f80fd2e9f,Anabela,Graceful beauty; lovable,24
en,4a3cd035-c49d-5a6b-8124-3be5373e5d70,Ayrton,From the farmstead on the river,24
en,0265b720-7292-55de-a536-bf3ba07e5749,Ayrton,From the farmstead on the river,24
en,bbf3a192-de7e-5af0-a5e7-6aadf84ffe1c,Chloe,Young green shoot; blooming,24
en,b962a699-0236-58cd-8dc6-28a4a8a56ac1,Elia,The Lord is my God,24
en,791b8e1c-9e32-5c4e-8b93-81c5185c0dd4,Ethan,Strong; firm; enduring,24
en,788b5bcb-3bc7-59c4-ad7c-e269b2a18582,Ethan,Strong; firm; enduring,24
en,48f64864-3a93-59a5-8b1f-8eb907e04bcc,Gael,Generous; joyful; stranger,24
en,b32e9ce8-2cd0-5482-a6fe-dfe3e7395418,Jeanne,God is gracious,24
en,80123365-4c24-551e-be2f-31d0dcf77c4c,Léonie,Lioness; brave,24
en,710f986d-00ef-5dd4-b360-637f676dc936,Luna,Moon; divine light,24
en,c2966d4e-2713-5eba-8b56-e80c34c08a04,Milan,Gracious; dear; loving,24
en,062b2516-1e27-5436-bcee-9fa4e586f472,Olivia,Olive tree; peace; symbol of peace,24
en,41a7b54c-9f5f-5a1d-93fb-20564af12c76,Olivier,Olive tree; peace,24
en,7dc18c59-9da3-5bfc-aa8a-d6308c6a90c7,Sara,Princess; noblewoman,24
en,240bc625-2d45-5719-8e1c-a4287e5b1d07,Sofia,Wisdom; wise one,24
en,fec4fcaf-81f4-5b54-9c5b-a053cc040980,Tiago,Supplanter; he who follows,24
en,4c46bab8-fa6d-5c21-9469-e7287dc77d61,Tom,Twin; innocence,24
en,e7ff3fcb-6f05-505c-97b8-c3570feb1121,Alexya,Defender of the people,25
en,771d001e-ab3a-5443-85f5-f24ce91b21ec,Alexya,Defender of the people,25
en,9302de0c-fbe2-554c-9ab1-f576736d8100,Anna,Grace; favor,25
en,6eecdb3d-9558-51dd-9c63-a3d1fdf5c89d,Ayden,Little fire; fiery one,25
en,cfc930a4-f557-5dc5-a847-8a29ec3227a9,Benjamin,Son of the right hand; son of the south,25
en,f1254a81-ac38-56e4-8e39-9a90d403caf9,Charlie,Free man; strong,25
en,15606a38-db2f-5f97-8e8e-638d655aaac8,Chloé,Young green shoot; blooming,25
en,ed9158c2-238e-5524-ae4f-a6e5e95a89c7,Davide,Beloved; dear one,25
en,d484b244-74e6-5a04-99a0-3b4ca49d8d84,Giulia,Youthful; downy,25
en,8b85de37-9791-5828-bcab-54d19d36c7fb,Iris,Rainbow; messenger of the gods,25
en,6c231609-7d43-5e7b-ab0d-806eb648d372,Isaac,He will laugh; laughter,25
en,779d0601-ff1c-55f6-8dc4-65414f98423f,Jona,Dove; God is gracious,25
en,93e484a6-0577-5c0d-b12c-23a741540c11,Malo,Bright pledge; shining guarantee,25
en,88a2521d-d905-568b-b60b-b97ec064a5d7,Martina,Warlike; of Mars; warrior,25
en,5184e354-01c0-5455-87f2-3551648a15e9,Nathan,He gave; gift of God,25
en,b7213f8a-d838-5a22-827d-f6f7a7474986,Nicolas,Victory of the people,25
en,16bd1822-dccd-5127-a4d7-d5df29750d31,Rui,Famous ruler; renowned power,25
en,2cd615fa-9be7-5f4a-bfac-1dd0228f3acf,Rui,Famous ruler; renowned power,25
en,c871ef9c-358b-5f38-8bd3-3f367a058805,Sophie,Wisdom; wise one,25
en,39ac9fec-c668-54ed-a5d7-356e8a0f7d84,Valentina,Strong; healthy; brave,25
en,4eb718a2-3e04-51e1-a4ab-f00fd973541e,Adele,Noble; kind,26
en,7988c273-b9f9-52cf-aba7-cbec4afa3c51,ADÈLE,Noble; kind,26
en,791a49cc-7f06-540d-a263-1a564d7244f3,Aitana,Glory; our people,26
en,c0a5a56f-d396-518b-a2a9-3ea46519f9fa,David,Beloved,26
en,f53cca1e-d437-5704-9664-e265d286a6ba,Emily,Industrious; eager; rival,26
en,a332aa60-08dc-5b8b-942c-9c807ebcdc35,Eva,Life; living one; to breathe,26
en,e69cff8c-6fef-5655-a87f-edf4bbf31be4,Eva,Life; living one; to breathe,26
en,eb559a78-8317-5238-8425-6e51bce083e1,Gijs,Bright pledge; shining hostage,26
en,085f1eec-d8ce-5aad-a891-7a9ed46a8ecb,Joaquina,God will establish; raised by God,26
en,d5de6bdb-9230-5d5a-8618-0e5a38791b59,Joaquina,God will establish; raised by God,26
en,29f54c7d-a55f-566d-82f9-703243ddc5fa,Léa,Weary; meadow; lioness,26
en,679e4597-b3c7-57e7-9e0a-622ab2755c38,Lena,Bright; shining; alluring,26
en,71e3777d-7032-558e-bf66-e45834cfdf73,Michele,Who is like God?,26
en,f513c7d3-fba0-54b6-9008-4eb91dbd4d13,Miguel,Who is like God?,26
en,9e9ccf2f-0542-5743-8898-44a0e40a2ac8,NAËL,Attainer; achiever; winner,26
en,882837bd-dd0d-54cb-b34a-e69e1d6f3568,Nathan,He gave; gift of God,26
en,ee454f5e-9c85-54a6-9db4-128df26c9538,Alejandra,Defender of mankind,27
en,c2064d8a-f8c0-58d2-9e4a-f27d36d30285,Caio,To rejoice; happy,27
en,7053d600-13b0-51ad-b817-9a36991cd5ba,Caio,To rejoice; happy,27
en,3cd632be-5706-553e-a006-a8d094c38298,Charlie,Free man; strong,27
en,78b7054e-9e40-59bf-9879-986e399436b7,Elena,Bright; shining light,27
